source,title,description,details
bloomberg,"As China Steps Up, Japan Isn’t Stepping Aside",,China Steps Japan Stepping Aside None
bloomberg,China’s Silk Road Isn’t So Smooth,Skeptics’ warnings are beginning to come true.,China Silk Road Smooth Skeptics warnings beginning come true
bloomberg,Trump Says Pfizer Is Rolling Back Drug ‘Price Hikes’,"Pfizer Inc. agreed to delay implementation of planned price increases for certain drugs a day after President Donald Trump launched an attack on the company, saying it should be “ashamed” of the move.",Trump Says Pfizer Rolling Back Drug Price Hikes Pfizer Inc agreed delay implementation planned price increases certain drugs day President Donald Trump launched attack company saying “ashamed” move
bloomberg,U.S. Moves Forward on Proposed $200 Billion China Tariff List,"The Trump administration pushed ahead with plans to impose tariffs on an additional $200 billion in Chinese goods by releasing a list of targeted products, escalating a trade war that may soon directly hit American consumers.",US Moves Forward Proposed 200 Billion China Tariff List Trump administration pushed ahead plans impose tariffs additional 200 billion Chinese goods releasing list targeted products escalating trade war may soon directly hit American consumers
bloomberg,Startups Lead a New Rush Into Obamacare's Now-Profitable Markets,"Republicans remain eager to gut the Affordable Care Act, but some health plans say there’s no time like the present to be in the Obamacare business.",Startups Lead New Rush Obamacares Profitable Markets Republicans remain eager gut Affordable Care Act health plans say time like present Obamacare business
bloomberg,JetBlue Orders 60 Planes in $5.4 Billion Airbus-Bombardier Deal,JetBlue Airways Corp. is placing a big bet on Airbus SE’s newest jetliner.,JetBlue Orders 60 Planes 54 Billion Airbus Bombardier Deal JetBlue Airways Corp placing big bet Airbus SE newest jetliner
bloomberg,"Poloz Likely to Hike Rates, Perhaps Dovishly: Decision Day Guide","The Bank of Canada is set to release its latest decision at 10 a.m. Wednesday in Ottawa, and there are three plausible outcomes:",Poloz Likely Hike Rates Perhaps Dovishly Decision Day Guide Bank Canada set release latest decision 10 Wednesday Ottawa three plausible outcomes
bloomberg,Blackstone to Seek More Than $20 Billion for Buyout Fund,Blackstone Group LP plans to start raising its next global private equity fund three years after gathering about $18 billion from investors for its last pool.,Blackstone Seek 20 Billion Buyout Fund Blackstone Group LP plans start raising next global private equity fund three years gathering 18 billion investors last pool
bloomberg,"Immigration Deadline for Reuniting Families Remains, Judge Says","A San Diego judge said he won’t extend deadlines he imposed for the U.S. to reunite children separated from their parents under President Donald Trump’s “zero tolerance” policy for illegal border crossings, as the government said logistical issues have compli…",Immigration Deadline Reuniting Families Remains Judge Says San Diego judge said extend deadlines imposed US reunite children separated parents President Donald Trump “zero tolerance” policy illegal border crossings government said logistical issues compli…
bloomberg,"Trudeau Makes Baltic Troop Pledge, Sees Unity at NATO Summit",Prime Minister Justin Trudeau pledged to extend Canada’s military mission in the Baltic region and said he sees this week’s NATO summit reaffirming member states’ commitment to the alliance.,Trudeau Makes Baltic Troop Pledge Sees Unity NATO Summit Prime Minister Justin Trudeau pledged extend Canada military mission Baltic region said sees week NATO summit reaffirming member states commitment alliance
reuters,'Hooyah! Mission accomplished' greets Thai boys rescued from cave,"Thais reacted with relief, gratitude and exhilaration on Wednesday after the successful rescue of the last group of 12 boys and their soccer coach from a flooded cave complex, ending an 17-day ordeal that gripped Thailand and the world.",Hooyah Mission accomplished greets Thai boys rescued cave Thais reacted relief gratitude exhilaration Wednesday successful rescue last group 12 boys soccer coach flooded cave complex ending 17 day ordeal gripped Thailand world
reuters,Trump administration cuts grants to help people get Obamacare,"The Trump administration is cutting most of the funds previously provided to groups that help people get health insurance under the Affordable Care Act and will push them to promote plans lacking the law's benefits and protections, a government agency said on…",Trump administration cuts grants help people get Obamacare Trump administration cutting funds previously provided groups help people get health insurance Affordable Care Act push promote plans lacking laws benefits protections government agency said on…
reuters,"Stocks slip, yen rises as U.S. raises stakes in trade conflict","Asian stocks retreated and perceived safe havens such as the yen and U.S. Treasuries rose on Wednesday after the United States said it would impose tariffs on an extra 200 billion worth of Chinese imports, sharply escalating the trade war between the world's …",Stocks slip yen rises US raises stakes trade conflict Asian stocks retreated perceived safe havens yen US Treasuries rose Wednesday United States said would impose tariffs extra 200 billion worth Chinese imports sharply escalating trade war worlds …
reuters,"Dow Jones futures extend fall, down one percent in Asian trade","U.S. stock futures extended their losses on Wednesday after Washington announced a plan to slap tariffs on an extra $200 billion of imports from China, sharply escalating a trade war between the world's two biggest economies.",Dow Jones futures extend fall one percent Asian trade US stock futures extended losses Wednesday Washington announced plan slap tariffs extra 200 billion imports China sharply escalating trade war worlds two biggest economies
reuters,"Former Trump aide Flynn eager to get to sentencing, lawyer says","Michael Flynn, President Donald Trump's former national security adviser who pleaded guilty in a case related to the Russian election collusion investigation, is eager to move to the sentencing phase and put his legal ordeal behind him, Flynn's lawyer said at…",Former Trump aide Flynn eager get sentencing lawyer says Michael Flynn President Donald Trumps former national security adviser pleaded guilty case related Russian election collusion investigation eager move sentencing phase put legal ordeal behind Flynns lawyer said at…
reuters,U.S. to slap tariffs on extra $200 billion of Chinese imports,"The United States has decided to impose tariffs on $200 billion worth of imports from China after efforts to negotiate a solution to the trade dispute failed to reach an agreement, senior administration officials said on Tuesday.",US slap tariffs extra 200 billion Chinese imports United States decided impose tariffs 200 billion worth imports China efforts negotiate solution trade dispute failed reach agreement senior administration officials said Tuesday
reuters,U.S. judge says government must reunite immigrant families or face penalties,"The U.S. government must rapidly reunite 63 children under the age of five who were separated by immigration officials after crossing into the United States from Mexico, or face penalties, a judge said on Tuesday.",US judge says government must reunite immigrant families face penalties US government must rapidly reunite 63 children age five separated immigration officials crossing United States Mexico face penalties judge said Tuesday
reuters,Euphoric France dreams of World Cup glory after 20-year wait,A wave of euphoria swept across France on Tuesday and a nation of ardent soccer fans began dreaming of World Cup glory after Les Bleus defeated Belgium 1-0 to reach the final.,Euphoric France dreams World Cup glory 20 year wait wave euphoria swept across France Tuesday nation ardent soccer fans began dreaming World Cup glory Les Bleus defeated Belgium 1 0 reach final
reuters,"Exclusive: After discouraging year, U.S. officials expect review of Afghan strategy","The United States is preparing to undertake a review of its strategy in Afghanistan, U.S. officials told Reuters, a year after President Donald Trump begrudgingly agreed to extend America's involvement in the 17-year-old war.",Exclusive discouraging year US officials expect review Afghan strategy United States preparing undertake review strategy Afghanistan US officials told Reuters year President Donald Trump begrudgingly agreed extend Americas involvement 17 year old war
reuters,Umtiti header sends streetwise France into World Cup final,Samuel Umtiti's 51st-minute header sent an impressive France into the World Cup final with a 1-0 win over Belgium in an absorbing first semi-final on Tuesday.,Umtiti header sends streetwise France World Cup final Samuel Umtitis 51st minute header sent impressive France World Cup final 1 0 win Belgium absorbing first semi final Tuesday
financial-times,North Korea would find Vietnam’s road to modernisation hard going,"Hanoi’s reintegration was the result of following the post-cold war order, not defying it",North Korea would find Vietnam road modernisation hard going Hanoi reintegration result following post cold war order defying
financial-times,Facebook hit with first fine over Cambridge Analytica data scandal,"UK levies £500,000 penalty and accuses group of not protecting user information",Facebook hit first fine Cambridge Analytica data scandal UK levies £500000 penalty accuses group protecting user information
financial-times,US prepares to hit $200bn of Chinese imports with new tariffs,Lighthizer says move follows tariffs slapped on $34bn of US exports,US prepares hit 200bn Chinese imports new tariffs Lighthizer says move follows tariffs slapped 34bn US exports
financial-times,Ex-Apple employee charged with stealing self-driving car secrets,Staffer arrested by FBI in San Jose attempting to board flight to China,Ex Apple employee charged stealing self driving car secrets Staffer arrested FBI San Jose attempting board flight China
financial-times,Brexiters fear ‘biggest loss of sovereignty’ since 1973,Retaining benefits of single market will mean concessions on common rules,Brexiters fear biggest loss sovereignty since 1973 Retaining benefits single market mean concessions common rules
financial-times,Morgan Stanley elevates potential successor to CEO,Promotions of Ted Pick and Franck Petitgas make Gorman succession planning clearer,Morgan Stanley elevates potential successor CEO Promotions Ted Pick Franck Petitgas make Gorman succession planning clearer
financial-times,Norway becomes the latest oil supply threat,Strike highlights how nervous the crude market has become about even small outages,Norway becomes latest oil supply threat Strike highlights nervous crude market become even small outages
financial-times,JPMorgan issues bleak warning on Brexit damage,Jamie Dimon says mismanaged departure has potential to ‘hurt everybody a bit’,JPMorgan issues bleak warning Brexit damage Jamie Dimon says mismanaged departure potential hurt everybody bit
financial-times,Erdogan gains power to appoint Turkey’s central bank governor,,Erdogan gains power appoint Turkey central bank governor None
financial-times,Trump and Putin: inside the muddled American policy on Russia,US president’s stance may become clearer as he meets Russian leader and attends Nato summit,Trump Putin inside muddled American policy Russia US president stance may become clearer meets Russian leader attends Nato summit
the-economist,Ceasefires in South Sudan seldom last,The latest such agreement is already falling apart,Ceasefires South Sudan seldom last latest agreement already falling apart
the-economist,“Sharp Objects” cuts deeply,Amy Adams stars in a new HBO miniseries from the author of “Gone Girl”,“Sharp Objects” cuts deeply Amy Adams stars new HBO miniseries author “Gone Girl”
the-economist,"The online debate over transgender identity needs more speech, not less",Social media are not set up for the conversation trans people deserve,online debate transgender identity needs speech less Social media set conversation trans people deserve
the-economist,Brett Kavanaugh is Donald Trump’s new pick for the Supreme Court,The nominee would steer America rightward,Brett Kavanaugh Donald Trump new pick Supreme Court nominee would steer America rightward
the-economist,What are “predatory” academic journals?,A boom in bogus publications is driven largely by a change to many journals’ business model,“predatory” academic journals boom bogus publications driven largely change many journals business model
the-economist,Ethiopia and Eritrea put an end to two decades of conflict,"Both sides stand to gain from peace, but translating words into reality will be difficult",Ethiopia Eritrea put end two decades conflict sides stand gain peace translating words reality difficult
the-economist,Amazon wins from a Supreme Court ruling,Bricks-and-mortar retailers may benefit only modestly from the court’s ruling on sales tax,Amazon wins Supreme Court ruling Bricks mortar retailers may benefit modestly court ruling sales tax
the-economist,Boris goes,The revolt gathers against Theresa May’s Brexit plans,Boris goes revolt gathers Theresa May Brexit plans
the-economist,"Will Donald Trump be Triumphant, Tetchy or Torpedo?",The president who arrives at the NATO summit next week has the potential to be one of three,Donald Trump Triumphant Tetchy Torpedo president arrives NATO summit next week potential one three
the-economist,Our essay competitions for young people,"The Economist has launched the Open Future initiative to re-state the case for the values of classical liberalism—that is, political, economic and social freedom—to address the challenges of the 21st century.",essay competitions young people Economist launched Open Future initiative state case values classical liberalism—that political economic social freedom—to address challenges 21st century
the-wall-street-journal,Kavanaugh’s Past—Political and Judicial—to Fuel Confirmation Debate,Ammunition in the confirmation battle over Supreme Court nominee Brett Kavanaugh likely will be drawn from his record as a judge and his role in the political wars of the Bill Clinton and George Bush eras.,Kavanaugh Past—Political Judicial—to Fuel Confirmation Debate Ammunition confirmation battle Supreme Court nominee Brett Kavanaugh likely drawn record judge role political wars Bill Clinton George Bush eras
the-wall-street-journal,Pfizer to Roll Back Price Increases After Trump Criticism,Pfizer said it would roll back its recently announced drug-price increases following “an extensive discussion with President Trump.”,Pfizer Roll Back Price Increases Trump Criticism Pfizer said would roll back recently announced drug price increases following “an extensive discussion President Trump”
the-wall-street-journal,"As Government Misses Reunification Deadline, It’s Told to Pick Up the Pace","A federal judge ordered the Trump administration to quicken its efforts to reunite migrant toddlers and infants with their parents, after the government said it wouldn’t meet a court order.",Government Misses Reunification Deadline Told Pick Pace federal judge ordered Trump administration quicken efforts reunite migrant toddlers infants parents government said meet court order
the-wall-street-journal,U.S. Preparing Additional Tariffs on Up to $200 Billion of Chinese Imports,"The Trump administration is preparing to apply additional tariffs on up to $200 billion in imports from China—a move seen as a response to China’s retaliation to an initial round of U.S. tariffs applied last week, according to people familiar with the matter.",US Preparing Additional Tariffs 200 Billion Chinese Imports Trump administration preparing apply additional tariffs 200 billion imports China—a move seen response China retaliation initial round US tariffs applied last week according people familiar matter
the-wall-street-journal,Mike Flynn’s Lawyers Say He Is No Longer Joining Consulting Firm,"Hours after a new lobbying firm aimed at domestic and global clients announced it was partnering with former national security adviser Mike Flynn, attorneys for the embattled Mr. Flynn said the deal was off and the notice had been released as a result of a “m…",Mike Flynn Lawyers Say Longer Joining Consulting Firm Hours new lobbying firm aimed domestic global clients announced partnering former national security adviser Mike Flynn attorneys embattled Mr Flynn said deal notice released result “m…
the-wall-street-journal,Morgan Stanley Elevates CEO Contender,"Morgan Stanley is giving an expanded role to a key executive, offering clues in the race to eventually succeed Chief Executive James Gorman.",Morgan Stanley Elevates CEO Contender Morgan Stanley giving expanded role key executive offering clues race eventually succeed Chief Executive James Gorman
the-wall-street-journal,Oil’s New Technology Spells End of Boom for Roughnecks,"One of the last industries where blue-collar laborers can earn high salaries is being transformed as artificial intelligence and automation replace workers. Even though production is back at peak levels, nationwide oil and gas employment has fallen 21% since …",Oil New Technology Spells End Boom Roughnecks One last industries blue collar laborers earn high salaries transformed artificial intelligence automation replace workers Even though production back peak levels nationwide oil gas employment fallen 21 since …
the-wall-street-journal,Brett Kavanaugh Nomination Kicks Off Fights in Divided Senate,"President Trump’s nomination of Judge Brett Kavanaugh to the Supreme Court unleashed two political fights: one over his confirmation in a narrowly divided Senate, the other a broader battle to energize voters of both parties ahead of November’s midterm electi…",Brett Kavanaugh Nomination Kicks Fights Divided Senate President Trump nomination Judge Brett Kavanaugh Supreme Court unleashed two political fights one confirmation narrowly divided Senate broader battle energize voters parties ahead November midterm electi…
the-wall-street-journal,Trump Pressures NATO Allies as He Heads to Summit,President Donald Trump leveled fresh criticism against allies over their military spending as he kicked off a seven-day tour through Europe that begins with a NATO gathering and ends with a summit with President Vladimir Putin.,Trump Pressures NATO Allies Heads Summit President Donald Trump leveled fresh criticism allies military spending kicked seven day tour Europe begins NATO gathering ends summit President Vladimir Putin
the-wall-street-journal,All 12 Boys and Their Soccer Coach Rescued From Thai Cave,A huge international effort involving more than 100 divers and rescue workers brought the boys out through the winding and partly submerged passageways of the cave in the north of the country.,12 Boys Soccer Coach Rescued Thai Cave huge international effort involving 100 divers rescue workers brought boys winding partly submerged passageways cave north country
cnbc,US futures slip as Trump administration seeks tariffs on $200 billion in Chinese goods,,US futures slip Trump administration seeks tariffs 200 billion Chinese goods
cnbc,Pfizer says it will postpone price increases after discussions with Trump,,Pfizer says postpone price increases discussions Trump
cnbc,Trump administration announces list of tariffs on $200 billion in Chinese goods,"The Trump administration on Tuesday announced a list of tariffs on $200 billion in Chinese goods, making good on the president’s recent threats to escalate a broadening trade war with Beijing.",Trump administration announces list tariffs 200 billion Chinese goods Trump administration Tuesday announced list tariffs 200 billion Chinese goods making good president recent threats escalate broadening trade war Beijing
cnbc,"Apple has 5,000 people working on autonomous cars, according to a criminal complaint against ex- engineer","Apple has 5,000 people working on autonomous cars, says criminal complaint against ex-engineer.",Apple 5000 people working autonomous cars according criminal complaint ex engineer Apple 5000 people working autonomous cars says criminal complaint ex engineer
cnbc,Bond market's recession indicator may not be working this time,"A bond market recession indicator, considered to be reliable, is sending more and more negative signals about the economy, but some analysts say there's no reason for fear.",Bond markets recession indicator may working time bond market recession indicator considered reliable sending negative signals economy analysts say theres reason fear
cnbc,Microsoft eliminates some jobs in its international sales force,"Microsoft let go of some employees this week, a person familiar with the matter tells CNBC.",Microsoft eliminates jobs international sales force Microsoft let go employees week person familiar matter tells CNBC
cnbc,"Tesla ditches reservations, opens up Model 3 car sales to all customers in North America","Tesla ditches reservations, opens up Model 3 car sales to all customers in North America",Tesla ditches reservations opens Model 3 car sales customers North America Tesla ditches reservations opens Model 3 car sales customers North America
cnbc,Here's what happens next for Trump Supreme Court nominee Brett Kavanaugh,"Brett Kavanaugh will  meet with senators, appear before the Senate Judiciary Committee and possibly provide reams of documents in accordance with Senate Democrats' requests.",Heres happens next Trump Supreme Court nominee Brett Kavanaugh Brett Kavanaugh meet senators appear Senate Judiciary Committee possibly provide reams documents accordance Senate Democrats requests
cnbc,Just three stocks are responsible for most of the market’s gain this year,"Amazon, Netflix and Microsoft together this year are responsible for  71 percent of   S&P 500 returns and for 78 percent of Nasdaq 100 returns.",three stocks responsible market gain year Amazon Netflix Microsoft together year responsible 71 percent SP 500 returns 78 percent Nasdaq 100 returns
cnbc,Tech companies and banks are expected to post big numbers this earnings season,"Excluding tax benefits, second-quarter earnings for companies in the S&P 500 technology sector are forecast to have risen by 19.9 percent, Credit Suisse says.",Tech companies banks expected post big numbers earnings season Excluding tax benefits second quarter earnings companies SP 500 technology sector forecast risen 199 percent Credit Suisse says
financial-post,Canopy to acquire Tokyo Smoke parent company in $250 million retail play,Hiku forced to pay WeedMD $10 million for scuttling previous merger agreement in favour of Canopy,Canopy acquire Tokyo Smoke parent company 250 million retail play Hiku forced pay WeedMD 10 million scuttling previous merger agreement favour Canopy
financial-post,‘We truly apologize’: Bombardier execs address Toronto streetcar flaws before TTC,"The welding flaws with the streetcars are the latest issue in the $1.2-billion order, which has been plagued by delays for years",truly apologize Bombardier execs address Toronto streetcar flaws TTC welding flaws streetcars latest issue 12 billion order plagued delays years
financial-post,Oil industry in its twilight years? Executives push back,"The IEA, the U.S. Energy Information Administration and OPEC all project the worldwide demand for oil reaching 100 million bpd in the coming decades",Oil industry twilight years Executives push back IEA US Energy Information Administration OPEC project worldwide demand oil reaching 100 million bpd coming decades
financial-post,Attention wealthy spouses: Your family trust won’t always save you when dividing assets in a separation,A spouse may well defeat the entire purpose of the trust he or she created to escape equalization of assets if he or she fails to give up control of it,Attention wealthy spouses family trust always save dividing assets separation spouse may well defeat entire purpose trust created escape equalization assets fails give control
financial-post,‘China has crashed the price’: Canadian farmers collateral damage in China-U.S. trade war,At the moment it’s hard to find a good news story in this trade war for Canada,China crashed price Canadian farmers collateral damage China US trade war moment hard find good news story trade war Canada
financial-post,Chart of the century gives U.S. Federal Reserve gloomy glimpse of trade-war world,"Just as globalization has been a headwind holding back inflation, its unraveling could end up being a tailwind in the years ahead",Chart century gives US Federal Reserve gloomy glimpse trade war world globalization headwind holding back inflation unraveling could end tailwind years ahead
financial-post,TD Bank becomes Canada’s biggest money manager with $792-million deal to buy Greystone Managed Investments,The proposed transaction between TD and the Greystone will bring total assets under management at the bank to $393 billion,TD Bank becomes Canada biggest money manager 792 million deal buy Greystone Managed Investments proposed transaction TD Greystone bring total assets management bank 393 billion
financial-post,A U.S. recession indicator with a ‘pretty good’ track record just flashed red,"But Jim Paulsen, Leuthold Group’s chief investment strategist, says other gauges of recession risk aren’t sending the same signal",US recession indicator pretty good track record flashed red Jim Paulsen Leuthold Group chief investment strategist says gauges recession risk sending signal
financial-post,‘Market has bottomed out’: Housing prices in Toronto region set to climb again after brief slump,Prospective buyers who had once maintained a ‘wait and see’ approach may now begin entering the housing market,Market bottomed Housing prices Toronto region set climb brief slump Prospective buyers maintained wait see approach may begin entering housing market
financial-post,"Five ways investors can trade the trade war, from buying the dollar to avoiding small caps","Equity markets are taking trade disputes in stride, but investors need to be prepared if things escalate",Five ways investors trade trade war buying dollar avoiding small caps Equity markets taking trade disputes stride investors need prepared things escalate
business-insider,'IEX has sunk to a new low': NYSE blasts upstart rival's claims that it's misleading its listed companies in brutal letter,The debate over rebates tearing apart Wall...,IEX sunk new low NYSE blasts upstart rivals claims misleading listed companies brutal letter debate rebates tearing apart Wall
business-insider,Trump is about to kick the trade war with China into high gear,"President Donald Trump is nearing an escalation of the trade war. According to a new report, Trump si set to release a list of $200 billion worth of Chinese goods that could be subject to a new 10% tariff.",Trump kick trade war China high gear President Donald Trump nearing escalation trade war According new report Trump si set release list 200 billion worth Chinese goods could subject new 10 tariff
business-insider,The mission to rescue the last 5 members of the Thai soccer team is underway,"The remaining five members of the Thai soccer team should be rescued today, officials have confirmed. The rescue mission began at 10 a.m. Tuesday.",mission rescue last 5 members Thai soccer team underway remaining five members Thai soccer team rescued today officials confirmed rescue mission began 10 Tuesday
business-insider,"A Wall Street analyst says Google has 2 different choices for its car spinoff, and one of them could make Waymo a $180 billion company","BI PRIME: Google's Waymo has a big lead in self-driving cars and it's now in the best position to profit from what will likely be an enormous market, according to RBC analyst Mark Mahaney. He believes Waymo could generate as much as $35 billion in operating p…",Wall Street analyst says Google 2 different choices car spinoff one could make Waymo 180 billion company BI PRIME Googles Waymo big lead self driving cars best position profit likely enormous market according RBC analyst Mark Mahaney believes Waymo could generate much 35 billion operating p…
business-insider,"Michael Flynn, who was under investigation for violating lobbying laws, is joining a new lobbying firm","In addition to drawing scrutiny over his Russia ties, former national security adviser Michael Flynn was also under a separate FBI investigation over his lobbying work for the Turkish government. The new lobbying firm he is joining will have both domestic and…",Michael Flynn investigation violating lobbying laws joining new lobbying firm addition drawing scrutiny Russia ties former national security adviser Michael Flynn also separate FBI investigation lobbying work Turkish government new lobbying firm joining domestic and…
business-insider,AT&T had a secret reason for wanting to get its hands on Time Warner – it wants to use 5G to get more people to watch TV shows while riding in self-driving cars,"Warner Media CEO John Stankey addressed 150 HBO employees about the upcoming year. Responding to a question about why 5G matters, Stankey took the time to talk about self-driving cars. ""It does things like it opens up the ability for autonomous vehicles, vehi…",ATT secret reason wanting get hands Time Warner – wants use 5G get people watch TV shows riding self driving cars Warner Media CEO John Stankey addressed 150 HBO employees upcoming year Responding question 5G matters Stankey took time talk self driving cars things like opens ability autonomous vehicles vehi…
business-insider,A third of Facebook’s ad revenue growth now comes from Instagram  — and it couldn't come at a better time,BI PRIME: Instagram has become a multi-billion dollar money-making engine that Facebook can crank up to pick up any slack,third Facebook ad revenue growth comes Instagram — couldnt come better time BI PRIME Instagram become multi billion dollar money making engine Facebook crank pick slack
business-insider,Russia appears to be building up its military bases near a weak point in the NATO alliance,Satellite imagery appears to show activity around military bases in Russia's Baltic Sea exclave of Kaliningrad in the months leading up to a summit between Donald Trump and Vladimir Putin.,Russia appears building military bases near weak point NATO alliance Satellite imagery appears show activity around military bases Russias Baltic Sea exclave Kaliningrad months leading summit Donald Trump Vladimir Putin
business-insider,The Trump administration might have separated a child and parent who are both US citizens,The Trump administration said in a court filing Tuesday that it was on track to reunite 38 young immigrant children who were forcibly separated from their parents at the US-Mexico border — though dozens more would need more time. One of those children may eve…,Trump administration might separated child parent US citizens Trump administration said court filing Tuesday track reunite 38 young immigrant children forcibly separated parents US Mexico border — though dozens would need time One children may eve…
business-insider,"Why you hold your boss accountable, according to a Navy SEAL","Navy SEAL and author of ""Taking Point: A Navy SEAL's 10 Fail Safe Principles for Leading Through Change"" Brett Gleeson explains why accountability and trust are key to any company's success.",hold boss accountable according Navy SEAL Navy SEAL author Taking Point Navy SEALs 10 Fail Safe Principles Leading Change Brett Gleeson explains accountability trust key companys success
australian-financial-review,Consumers most optimistic since 2013: Westpac-MI,Consumers are feeling the best since 2013 and conditions in Queensland and WA are catching up with the rest of the economy.,Consumers optimistic since 2013 Westpac MI Consumers feeling best since 2013 conditions Queensland WA catching rest economy
australian-financial-review,CBA accepts enforceable undertaking over BBSW conduct,"CBA will pay $25 million in fines, penalties and community benefits after formally accepting an enforceable undertaking with the corporate regulator.",CBA accepts enforceable undertaking BBSW conduct CBA pay 25 million fines penalties community benefits formally accepting enforceable undertaking corporate regulator
australian-financial-review,Thai cave rescue: How rescuers pulled off the impossible,"It began as a misadventure by 12 boys and their soccer coach that seemed destined to end in tragedy, but ended as a story of survival, international collaboration and triumph.",Thai cave rescue rescuers pulled impossible began misadventure 12 boys soccer coach seemed destined end tragedy ended story survival international collaboration triumph
australian-financial-review,Royal commission will add to pressure on super trustees,The Productivity Commission will be thrilled to hear that the frighteners are going through the super sector at the prospect of a royal commission grilling.,Royal commission add pressure super trustees Productivity Commission thrilled hear frighteners going super sector prospect royal commission grilling
australian-financial-review,Markets Live: ASX falls as US threatens more tariffs,The Australian sharemarket has fallen on the news this morning that the US will publish a new list of tariffs on $US200 billion worth of Chinese goods.,Markets Live ASX falls US threatens tariffs Australian sharemarket fallen news morning US publish new list tariffs US200 billion worth Chinese goods
australian-financial-review,BOSS Young Executives: how the originals have flourished,"Each of the original BOSS Young Executives of 2004 has become a leader in their field, sometimes via unexpected twists and turns.",BOSS Young Executives originals flourished original BOSS Young Executives 2004 become leader field sometimes via unexpected twists turns
australian-financial-review,Microsoft debuts cut-price Surface Go tablet to take on cheaper Apple iPads,"Microsoft is going for the low-end of the personal computing market with a smaller, cheaper Surface Go tablet that takes on Apple 's cheapest iPads.",Microsoft debuts cut price Surface Go tablet take cheaper Apple iPads Microsoft going low end personal computing market smaller cheaper Surface Go tablet takes Apple cheapest iPads
australian-financial-review,BOSS Young Executives 2018: meet the winners working hard for their communities,"As well as being outstanding leaders, this year's crop of BOSS Young Executives are intent on doing their bit for the community.",BOSS Young Executives 2018 meet winners working hard communities well outstanding leaders years crop BOSS Young Executives intent bit community
australian-financial-review,Alex Turnbull's 1MDB complaints about Goldman Sachs look prescient,"Goldman Sachs is being sucked into one of the biggest frauds in modern history, after a warning by the Prime Minister's son.",Alex Turnbulls 1MDB complaints Goldman Sachs look prescient Goldman Sachs sucked one biggest frauds modern history warning Prime Ministers son
australian-financial-review,How these consultants made leap to Rich Bosses list,Metallurgists and old mates Patrick Walta and John Carr took a risk on an old mine that is paying big dividends.,consultants made leap Rich Bosses list Metallurgists old mates Patrick Walta John Carr took risk old mine paying big dividends
google-news,‘All a little misdirection’: Inside Trump’s sometimes wavering decision on Kavanaugh,"Until the last day, Trump was still asking friends who they thought he should pick to succeed Anthony M. Kennedy.",little misdirection Inside Trump sometimes wavering decision Kavanaugh last day Trump still asking friends thought pick succeed Anthony Kennedy
google-news,"Zsa Zsa, Winner of the World's Ugliest Dog Contest, Dies Two Weeks After Being Crowned",,Zsa Zsa Winner Worlds Ugliest Dog Contest Dies Two Weeks Crowned
google-news,"A man harasses a woman for wearing a Puerto Rico shirt, saying it's 'un-American'","An Illinois park is investigating after a woman accused one of its police officers of standing by as a man harassed her for wearing a shirt with the Puerto Rican flag, saying it was un-American.",man harasses woman wearing Puerto Rico shirt saying un American Illinois park investigating woman accused one police officers standing man harassed wearing shirt Puerto Rican flag saying un American
google-news,"Some children are returned to parents, but judge tells Trump officials to move faster",Government lawyers say dozens of young children separated from their parents are not eligible to be reunited.,children returned parents judge tells Trump officials move faster Government lawyers say dozens young children separated parents eligible reunited
google-news,Trump trades barbs with EU chief over Nato,"As he arrives for a Nato summit, the US president gets a stark warning from the European Council head.",Trump trades barbs EU chief Nato arrives Nato summit US president gets stark warning European Council head
google-news,Brush fire near Griffith Park prompts evacuation of observatory,"A brush fire broke out Tuesday afternoon at Griffith Park, sending a plume of smoke climbing into the sky and sparking concerns about nearby structures.",Brush fire near Griffith Park prompts evacuation observatory brush fire broke Tuesday afternoon Griffith Park sending plume smoke climbing sky sparking concerns nearby structures
google-news,"All 12 Thai boys, coach rescued from cave","Thai navy SEALs say all 12 soccer players and their coach have been rescued from a flooded cave, ending an ordeal that lasted more than two weeks.",12 Thai boys coach rescued cave Thai navy SEALs say 12 soccer players coach rescued flooded cave ending ordeal lasted two weeks
google-news,Chris strengthens to hurricane: U.S. NHC,"(Reuters) - Chris has strengthened to become the second hurricane of the 2018 Atlantic season as it moves away from the United States, the U.S. National Hurricane Center said on Tuesday. Hurricane Chris was about 205 miles (330 km) east-southeast of Cape Hatt…",Chris strengthens hurricane US NHC Reuters Chris strengthened become second hurricane 2018 Atlantic season moves away United States US National Hurricane Center said Tuesday Hurricane Chris 205 miles 330 km east southeast Cape Hatt…
google-news,Trump Pardons Oregon Men Whose Case Inspired Wildlife Refuge Takeover,"The pardons of Dwight Hammond and his son, Steven D. Hammond, who had been imprisoned for arson on federal land, suggest that the Trump administration supports ranchers in the battle over such lands.",Trump Pardons Oregon Men Whose Case Inspired Wildlife Refuge Takeover pardons Dwight Hammond son Steven Hammond imprisoned arson federal land suggest Trump administration supports ranchers battle lands
google-news,"91-year-old man beaten with brick, told 'go back to Mexico'",Tears glistened on the black and purple bruises covering 91-year-old Rodolfo Rodriguez's face as he described being attacked by a group of people while going for a walk on the Fourth of July.,91 year old man beaten brick told go back Mexico Tears glistened black purple bruises covering 91 year old Rodolfo Rodriguezs face described attacked group people going walk Fourth July
fortune,Toyota Launches a Car-Sharing Subscription Service for Hawaii,,Toyota Launches Car Sharing Subscription Service Hawaii
fortune,"GOP Bill Would Make First-Time Illegal Border Crossings a Felony, Divert Sanctuary-City Funding to ICE",,GOP Bill Would Make First Time Illegal Border Crossings Felony Divert Sanctuary City Funding ICE
fortune,Jobs Report: Workers Are Quitting Their Jobs at Dotcom Bubble Rates,,Jobs Report Workers Quitting Jobs Dotcom Bubble Rates
fortune,"Univision Explores Sale of Gizmodo, Deadspin, The Onion, and 10 Other Assets",,Univision Explores Sale Gizmodo Deadspin Onion 10 Assets
fortune,What's Next For The Rescued Thai Soccer Team?,,Whats Next Rescued Thai Soccer Team
fortune,The Critical Group We're Ignoring in the Opioid Crisis,,Critical Group Ignoring Opioid Crisis
fortune,Why Does the Left Want Universal Health Care? Britain’s Is on Its Deathbed,,Left Want Universal Health Care Britain Deathbed
fortune,Brett Kavanaugh Said Judges Should Just Follow the Law. Here’s Why That’s Bull,,Brett Kavanaugh Said Judges Follow Law Bull
fortune,Why Brett Kavanaugh Is a Huge Threat to Minority Rights,,Brett Kavanaugh Huge Threat Minority Rights
fortune,Magazine | Fortune,Read the latest stories about Magazine on Fortune,Magazine Fortune Read latest stories Magazine Fortune
bbc-news,US Latino woman harangued as cop looks on,An officer is put on desk duty after he apparently stood by as an alleged drunk berated a picnicker.,US Latino woman harangued cop looks officer put desk duty apparently stood alleged drunk berated picnicker
bbc-news,Facebook faces record UK fine for data misuse,"The data protection watchdog plans to fine Facebook £500,000 over the Cambridge Analytica scandal.",Facebook faces record UK fine data misuse data protection watchdog plans fine Facebook £500000 Cambridge Analytica scandal
bbc-news,Teacher proud of Thai boys' English,A school that several of the Thai cave boys attend is celebrating their use of English with the divers who found them.,Teacher proud Thai boys English school several Thai cave boys attend celebrating use English divers found
bbc-news,US fires next shot in China trade war,The White House says it has identified a list of $200bn worth of Chinese products it will add tariffs to.,US fires next shot China trade war White House says identified list 200bn worth Chinese products add tariffs
bbc-news,Joy and relief as Thai cave boys rescued,The rescue of a football team and their coach in a daring diving operation prompts celebrations.,Joy relief Thai cave boys rescued rescue football team coach daring diving operation prompts celebrations
bbc-news,US holidaymaker shot dead in Mexico City,"The 27-year-old was inadvertently caught in crossfire during a shootout, say Mexican officials.",US holidaymaker shot dead Mexico City 27 year old inadvertently caught crossfire shootout say Mexican officials
bbc-news,US can't reunite dozens of child migrants,"Twelve children's parents have already been deported, while others falsely claimed to be the parents.",US cant reunite dozens child migrants Twelve childrens parents already deported others falsely claimed parents
bbc-news,Many injured as plane crashes in S Africa,At least 19 people are hurt after a plane crashes in a grassy area outside South Africa's Pretoria.,Many injured plane crashes Africa least 19 people hurt plane crashes grassy area outside South Africas Pretoria
bbc-news,Trump talks of UK 'turmoil' ahead of trip,"The US President says it is ""up to the people, not up to me"" whether Theresa May stays in office.",Trump talks UK turmoil ahead trip US President says people whether Theresa May stays office
bbc-news,Trump told to appreciate European allies,"As he leaves for a Nato summit, the US president gets a stark warning from the European Council head.",Trump told appreciate European allies leaves Nato summit US president gets stark warning European Council head
